adam idris,staff/001,8166011219,adamcy@jizztech.com,"no 12 danmarna close,mubi adamawa state",male,6/4/1990
auwal jaizz,staff/002,8092929292,auwaljaizz@yahoo.com,no af 15 ayuba madaki close by abuja road rigasa kaduna,male,
hafshat ibrahim,staff/003,7023232348,hafsiyyah232@gmail.com,"no aa 23 yahuza close suleja lg,niger state",female,3/8/2000
jamilu ismail,stafff/004,987888999,jamil@jizztech.com,no aq 23 jalingo road abuja road rigasa,male,
hasan saleh,stafff/005,67777777777,,,,5/9/1988
nuhu ismail,stafff/006,676666,,,male,
farhan,stafff/007,,,,,
idris ladan,stafff/008,,,,,
fatima auwal,stafff/009,,,,,
